{
  "domain_id": "0847379b-d288-49bf-a4b3-7ed0bb4b2a33",
  "compute_spec": {
    "cluster_specs": [
      {
        "name": "cluster5",
        "host_specs": [
          {
            "id": "eb4fc46c-16a7-437e-8361-83124a6929c4",
            "host_network_spec": {
              "vm_nics": [
                {
                  "id": "vmnic0",
                  "uplink": "uplink1",
                  "vds_name": "wld-cluster5-vds-01"
                },
                {
                  "id": "vmnic1",
                  "uplink": "uplink2",
                  "vds_name": "wld-cluster5-vds-01"
                }
              ]
            }
          },
          {
            "id": "213d0403-b988-4120-bb91-1b7876463833",
            "host_network_spec": {
              "vm_nics": [
                {
                  "id": "vmnic0",
                  "uplink": "uplink1",
                  "vds_name": "wld-cluster5-vds-01"
                },
                {
                  "id": "vmnic1",
                  "uplink": "uplink2",
                  "vds_name": "wld-cluster5-vds-01"
                }
              ]
            }
          },
          {
            "id": "ac046e42-3a28-4b8d-bd0f-1fd7fa0347ee",
            "host_network_spec": {
              "vm_nics": [
                {
                  "id": "vmnic0",
                  "uplink": "uplink1",
                  "vds_name": "wld-cluster5-vds-01"
                },
                {
                  "id": "vmnic1",
                  "uplink": "uplink2",
                  "vds_name": "wld-cluster5-vds-01"
                }
              ]
            }
          }
        ],
        "datastore_spec": {
          "vsan_datastore_spec": {
            "datastore_name": "wld-cluster5-vsan01",
            "failures_to_tolerate": 1,
            "dedup_and_compression_enabled": false
          }
        },
        "network_spec": {
          "vds_specs": [
            {
              "name": "wld-cluster5-vds-01",
              "mtu": 9000,
              "port_group_specs": [
                {
                  "name": "wld-cluster5-vds-01-pg-mgmt",
                  "mtu": 1500,
                  "transport_type": "MANAGEMENT",
                  "active_uplinks": [
                    "uplink1",
                    "uplink2"
                  ],
                  "teaming_policy": "loadbalance_loadbased"
                },
                {
                  "name": "wld-cluster5-vds-01-pg-vmotion",
                  "mtu": 8940,
                  "transport_type": "VMOTION",
                  "active_uplinks": [
                    "uplink1",
                    "uplink2"
                  ],
                  "teaming_policy": "loadbalance_loadbased"
                },
                {
                  "name": "wld-cluster5-vds-01-pg-vsan",
                  "mtu": 8940,
                  "transport_type": "VSAN",
                  "active_uplinks": [
                    "uplink1",
                    "uplink2"
                  ],
                  "teaming_policy": "loadbalance_loadbased"
                }
              ],
              "nsxt_switch_config": {
                "transport_zones": [
                  {
                    "name": "overlay-tz-vip-nsxtManager",
                    "transport_type": "OVERLAY"
                  }
                ],
                "host_switch_operational_mode": "ENS_INTERRUPT"
              }
            }
          ],
          "nsx_cluster_spec": {
            "nsxv_cluster_spec": null,
            "nsxt_cluster_spec": {
              "uplink_profiles": [
                {
                  "name": "wld-cluster5-vds-uplink-profile-1",
                  "teamings": [
                    {
                      "policy": "LOADBALANCE_SRCID",
                      "active_uplinks": [
                        "uplink-1",
                        "uplink-2"
                      ],
                      "stand_by_uplinks": null
                    }
                  ],
                  "transport_vlan": 0
                }
              ]
            }
          },
          "network_profiles": [
            {
              "name": "networkConfigProfile",
              "is_default": true,
              "nsxt_host_switch_configs": [
                {
                  "vds_name": "wld-cluster5-vds-01",
                  "uplink_profile_name": "wld-cluster5-vds-uplink-profile-1",
                  "vds_uplink_to_nsx_uplink": [
                    {
                      "vds_uplink_name": "uplink1",
                      "nsx_uplink_name": "uplink-1"
                    },
                    {
                      "vds_uplink_name": "uplink2",
                      "nsx_uplink_name": "uplink-2"
                    }
                  ]
                }
              ]
            }
          ]
        },
        "advanced_options": {
          "high_availability": {
            "enabled": true
          }
        },
        "cluster_image_id": ""
      }
    ],
    "skip_failed_hosts": true
  },
  "deploy_without_license_keys": true
}
